,depenses,salaire:,prediction_depenses
0,-1.0326859664169947,-1.524022355697716,-1.0339755487430071
1,-1.7901404993627137,0.01410115311080276,0.009566951213768092
2,-0.6195289484466028,-0.17698023415889005,-0.1200725396494117
3,-1.6524214933725832,-1.5063840737958982,-1.0220088265094829
4,0.4133635964793772,1.8021003221950735,1.222638016145471
5,0.8265206144497692,0.3057860741908638,0.20746108000149382
6,0.00020657850898520382,0.09053370801867988,0.06142274755904001
7,0.2067850874941812,-1.1941211571637165,-0.8101535217826457
8,-1.2392644754021909,-1.1346736144575895,-0.7698212357363229
9,-0.2063719304762108,-1.1186685068059403,-0.7589625433392362
10,-1.3769834813923216,-1.1405530417581955,-0.7738101431474976
11,-0.13751242748114548,-1.050075188298871,-0.7124252902088639
12,-1.2392644754021909,-1.1666838297608888,-0.7915386205304968
13,-0.7572479544367335,0.7549089929871503,0.5121692850217882
14,-0.3440909364663415,-0.007783381841452658,-0.005280648594493525
15,0.5510826024695079,-0.14203030520528812,-0.0963607011496506
16,0.2756445904892465,0.06276974576581854,0.04258624033960363
17,-1.0326859664169947,-0.20115121306138112,-0.13647138122868574
18,0.2067850874941812,0.7016675124316633,0.47604751235392784
19,0.00020657850898520382,0.311338866641436,0.21122838144538109
20,-1.0326859664169947,-1.0745728020513958,-0.7290457377554255
21,-1.3081239783972562,-0.3033879211219176,-0.2058340489896691
22,-0.2752314334712761,0.31199213634150336,0.21167159337995606
23,1.0330991234349651,0.22837361473288564,0.15494046575435944
24,-0.13751242748114548,0.8483265600967779,0.5755485916660095
25,-0.9638264634219296,-0.35499622742723635,-0.24084779182109203
26,0.8953801174448346,1.213504322434413,0.8233040630934197
27,0.06906608150405054,0.17088588112696096,0.11593781551176176
28,-0.2752314334712761,-0.3360514061252839,-0.22799464571841777
29,-0.4129504394614068,-1.0778391505517324,-0.7312617974283003
30,2.9611652072967947,1.3245601714458584,0.8986500919711652
31,-1.5835619903775175,-0.2312016192644781,-0.15685913021913453
32,0.7576611114547039,0.4903347644598833,0.3326684515189238
33,-0.4129504394614068,-0.8380891706270238,-0.568603017439285
34,-0.13751242748114548,0.8450602115964413,0.5733325319931346
35,-0.4818099424564721,-0.7629631551192814,-0.5176336449631631
36,0.2067850874941812,-0.2782370376693256,-0.18877038950853264
37,-0.4129504394614068,-0.9350997210870218,-0.6344199897236686
38,0.6199421054645732,0.373399488147832,0.25333351523000364
39,-0.7572479544367335,-1.053668171649241,-0.7148629558490261
40,1.2396776324201613,1.5375260936678068,1.0431371826426068
41,-0.8261074574317988,-0.5911532240015747,-0.401068906169945
42,-2.2032975173331057,-1.6278922380084209,-1.104446246340428
43,-2.6164545353034976,-2.9265924017422646,-1.9855515722754757
44,-0.6195289484466028,-0.3422574682759235,-0.23220515909688005
45,-0.2752314334712761,0.12025747937174322,0.08158889058220131
46,0.2756445904892465,-0.1573821431568703,-0.10677618161216251
47,-1.4458429843873868,-0.6345956590560519,-0.43054249981918075
48,-2.2032975173331057,-2.498700748198166,-1.6952477551288678
49,-0.13751242748114548,0.2538511330355114,0.17222573120278342
50,0.06906608150405054,-0.24688009206609396,-0.1674962166489339
51,-0.8949669604268642,-1.6974654610655906,-1.1516483173726624
52,-1.6524214933725832,-2.0779950613548084,-1.4098192692625848
53,-0.9638264634219296,-1.0611807732000156,-0.7199598930966385
54,1.8594131593757488,1.4385557341076067,0.9759905745544981
55,0.2067850874941812,-1.6040478939559637,-1.0882690107284416
56,0.4133635964793772,-0.7600234414689784,-0.5156391912575756
57,-0.2063719304762108,0.12352382787207986,0.08380495025507619
58,-1.5147024873824522,-0.70220907301302,-0.4764149350476905
59,-0.7572479544367335,0.15684058257551348,0.10640875891839983
60,1.3085371354152266,0.9910659895614886,0.6723903993706412
61,1.170818129425096,1.4584804599596604,0.9895085385590349
62,1.170818129425096,0.9809403092104452,0.6655206143847292
63,0.8953801174448346,1.6489085775292858,1.1187048174876397
64,-0.2752314334712761,-0.29620195442117697,-0.20095871770934437
65,1.583975147395488,1.6822253322327194,1.1413086261509635
66,-0.7572479544367335,-0.6107513150035945,-0.4143652642071942
67,-1.1704049724071257,-0.3180864893734324,-0.215806317517606
68,-0.2752314334712761,-1.021004686645875,-0.6927023591202777
69,-0.13751242748114548,1.5512447573692203,1.052444633268681
70,-0.2063719304762108,0.01410115311080276,0.009566951213768092
71,-0.2063719304762108,-0.17371388565855342,-0.11785647997653684
72,0.2756445904892465,0.8581256055977878,0.582196770684634
73,-0.2752314334712761,-1.6145002091570406,-1.0953604016816412
74,-0.7572479544367335,0.285208078638743,0.19349990406238213
75,2.1348511713560105,0.6863156744800811,0.465632031891416
76,0.06906608150405054,-0.13027145060407627,-0.0883828863273011
77,0.2067850874941812,-1.355478773080346,-0.9196268696226642
78,0.00020657850898520382,0.8346078963953639,0.566241141039935
79,0.5510826024695079,0.4511385824558438,0.3060757354444255
80,1.0330991234349651,1.6737328261318438,1.1355468710014884
81,-0.2752314334712761,0.14116210977389765,0.09577167248860047
82,0.6888016084596386,0.7179992549333464,0.4871278107183022
83,2.479148686331337,1.1383783069266706,0.7723346906172978
84,-0.13751242748114548,-0.4869567068408362,-0.3303766026052367
85,1.0330991234349651,0.3064393438909311,0.2079042919360688
86,0.2067850874941812,0.8277485645446572,0.5615874157268977
87,2.616867692321468,2.03891058846948,1.3833023424288993
88,-1.5835619903775175,-1.2450761937689678,-0.8447240526794936
89,-0.3440909364663415,-0.4928361341414421,-0.33436551001641146
90,-0.13751242748114548,1.7488588416395867,1.1865162434776109
91,0.4133635964793772,0.4109624959017033,0.27881820146806463
92,-0.2752314334712761,0.23457967688352524,0.1591509791328217
93,-1.0326859664169947,-1.2421364801186652,-0.8427295989739064
94,-0.13751242748114548,-0.2573324072671712,-0.17458760760213352
95,-0.4129504394614068,0.44525915515523773,0.3020868280332506
96,-0.2752314334712761,0.3727462184477647,0.2528903032954286
97,-0.3440909364663415,0.05917676241544825,0.04014857469944128
98,-0.4818099424564721,-1.0360298897474236,-0.702896233615502
99,0.5510826024695079,0.2718160497873628,0.18441405940359518
100,-0.6883884514416682,-1.687666415564581,-1.145000138354038
101,-0.4818099424564721,-0.04665292899545855,-0.03165175870170446
102,1.1019586264300305,0.11731776572144025,0.07959443687661392
103,1.377396638410292,2.09607168722537,1.422083386704209
104,0.5510826024695079,-0.6522339409578697,-0.4425092220527051
105,0.06906608150405054,0.6154359120227763,0.4175435369900313
106,1.377396638410292,0.6454863182258732,0.4379312859804801
107,0.6888016084596386,0.3727462184477647,0.2528903032954286
108,0.9642396204399,-0.06069822754690605,-0.04118081529506639
109,1.5151156444004226,0.7496828353866117,0.5086235895451885
110,-0.2752314334712761,0.254177767885545,0.1724473371700709
111,0.8953801174448346,1.016870142714148,0.6898972707863527
112,-1.5147024873824522,0.41782182775241017,0.28347192678110184
113,0.3445040934843119,-0.16652791895781285,-0.11298114869621213
114,-0.06865292448608014,-0.64602787880723,-0.43829870867424275
115,-0.7572479544367335,0.8460401161465423,0.5739973498949971
116,0.2756445904892465,1.2543336786886208,0.8510048090043555
117,-0.4129504394614068,0.029452991062384918,0.019982431676279975
118,-1.10154546941206,-0.03456743954421302,-0.023452337912067446
119,-0.2752314334712761,0.07942812311753535,0.05388814467126546
120,-0.2752314334712761,0.3097056923912677,0.21012035160894366
121,0.2067850874941812,-0.6515806712578023,-0.44206601011813007
122,-1.3081239783972562,-1.3871623535336113,-0.9411226484495504
123,-0.8949669604268642,0.6886021184303167,0.46718327366242834
124,0.4822230994744425,0.5546818299165149,0.3763248270745588
125,0.6888016084596386,0.6396068909252672,0.43394237856930534
126,-0.2063719304762108,-0.3710013350788858,-0.2517064842181788
127,1.170818129425096,-0.26484500881794537,-0.17968454484974564
128,-0.3440909364663415,-0.18939235846016925,-0.1284935664063362
129,-0.06865292448608014,0.9466436499569104,0.642251987819543
130,0.06906608150405054,0.1248303672722145,0.08469137412422612
131,-0.9638264634219296,0.3750326623980003,0.254441545066441
132,0.6199421054645732,0.1947302251794184,0.13211505112374833
133,0.3445040934843119,-0.35956911532770763,-0.24395027536311684
134,-1.1704049724071257,0.2447053572345688,0.1660207641187338
135,-0.6195289484466028,0.3573943804961825,0.24247482283291674
136,0.2067850874941812,-0.07115054274798327,-0.04827220624826597
137,0.06906608150405054,-0.035220709244280335,-0.02389554984664241
138,0.4822230994744425,1.1102877098237756,0.7532765774305739
139,-0.7572479544367335,-0.7348725580163864,-0.4985755317764392
140,-1.3769834813923216,-0.8377625357769902,-0.5683814114719976
141,-0.6195289484466028,0.23196659808325595,0.1573781313945218
142,1.0330991234349651,1.2213435588352208,0.8286226063083193
143,-0.13751242748114548,-0.3798204760297947,-0.257689845334941
144,-0.4129504394614068,-0.27431741946892163,-0.18611111790108278
145,1.5151156444004226,0.1934236857792837,0.13122862725459836
146,2.2037106743510764,1.1413180205769735,0.7743291443228851
147,0.6888016084596386,-0.23806095111518505,-0.16151285553217176
148,-0.2063719304762108,-0.47552448708965794,-0.32262039375017465
149,-0.7572479544367335,-0.20082457821134744,-0.13624977526139823
150,1.170818129425096,1.1142073280241795,0.7559358490380237
151,0.06906608150405054,0.0973930398693868,0.06607647287207721
152,0.6888016084596386,-0.18351293115956333,-0.12450465899516144
153,-0.8949669604268642,-1.0582410595497127,-0.7179654393910512
154,-0.2752314334712761,-0.03162772589391005,-0.021457884206480062
155,0.06906608150405054,0.6301344802742911,0.42751580551796825
156,-1.3769834813923216,-0.4699716946390857,-0.3188530923062874
157,-1.3769834813923216,-2.408222894738841,-1.6338629021902338
158,-1.7212809963676483,-0.4278357989847432,-0.2902659225262016
159,-1.0326859664169947,-1.3861824489835102,-0.9404578305476878
160,-1.1704049724071257,-1.6977920959156247,-1.1518699233399503
161,0.9642396204399,1.5156415587155514,1.0282895828343452
162,-0.7572479544367335,-1.064120486850319,-0.7219543468022261
163,-0.2063719304762108,0.950889903007348,0.6451328653942803
164,-0.13751242748114548,-0.3657751774783473,-0.24816078874157915
165,0.9642396204399,0.4550582006562478,0.30873500705187534
166,-0.9638264634219296,0.5099328554619031,0.3459648095561731
167,-2.8230330442886937,-1.5579923801012168,-1.0570225693409057
168,0.6888016084596386,0.3636004426468221,0.246685336211379
169,0.6199421054645732,0.9048343891526016,0.6138864240067446
170,0.2756445904892465,-0.3425841031259572,-0.23242676506416757
171,0.00020657850898520382,0.7065670351821682,0.4793716018632402
172,0.00020657850898520382,-0.13484433850454755,-0.09148536986932591
173,-0.5506694454515375,-1.6863598761644465,-1.1441137144848883
174,1.2396776324201613,1.5267471436166955,1.0358241857221195
175,1.0330991234349651,0.7467431217363087,0.506629135839601
176,0.13792558449911588,1.2010921981331342,0.8148830363364954
177,0.5510826024695079,-0.2968552241212444,-0.2014019296439194
178,-0.06865292448608014,-0.3801471108798284,-0.2579114513022285
179,-1.10154546941206,-0.8733657344306595,-0.5925364619063336
180,2.3414296803412067,2.1156697782273897,1.435379744741458
181,-0.2063719304762108,0.4174951929023765,0.28325032081381435
182,0.5510826024695079,0.22053437833207773,0.14962192253945975
183,0.13792558449911588,0.03729222746319283,0.025300974891179658
184,0.5510826024695079,-0.7093950397137606,-0.4812902663280152
185,0.06906608150405054,0.2015895570301253,0.13676877643678553
186,-0.3440909364663415,-1.0020598653439226,-0.6798492130176034
187,1.790553656380684,-0.11883923085289805,-0.08062667747223905
188,-1.10154546941206,-0.25700577241713746,-0.17436600163484597
189,-0.06865292448608014,-0.8230639675254754,-0.5584091429440606
190,-0.6195289484466028,-0.11393970810239312,-0.07730258796292676
191,-1.4458429843873868,-1.3045237364750946,-0.8850563387258162
192,-0.4129504394614068,-0.4196699277339016,-0.2847257733440144
193,-0.5506694454515375,-0.14072376580515347,-0.09547427728050067
194,-0.2752314334712761,-1.3822628307831064,-0.9377985589402381
195,0.4133635964793772,-0.12439202330347032,-0.08439397891612632
196,-1.4458429843873868,-1.2832924712229064,-0.8706519508521295
197,-0.2752314334712761,1.3314195032965654,0.9033038172842025
198,0.2067850874941812,1.3428517230477437,0.9110600261392645
199,-0.8949669604268642,-0.2576590421172048,-0.17480921356942095
200,0.8265206144497692,0.23359977233342424,0.15848616123095924
201,-0.9638264634219296,-0.9066824891340932,-0.6151402705696574
202,0.13792558449911588,-0.2877094483203018,-0.19519696255986976
203,-1.10154546941206,-0.052858991146098135,-0.0358622720801667
204,-1.10154546941206,-0.26811135731828195,-0.1819006045226205
205,-0.2752314334712761,0.8025976810920651,0.5445237562457613
206,-0.8949669604268642,-1.7787975387239732,-1.206828203227247
207,0.6888016084596386,0.1865643539285768,0.12657490194156112
208,0.13792558449911588,-0.04991927749579517,-0.03386781837457932
209,0.3445040934843119,0.4684502295076279,0.31782085171066227
210,0.8953801174448346,0.4475455991054735,0.3036380698042631
211,0.4133635964793772,-0.2782370376693256,-0.18877038950853264
212,-0.9638264634219296,-1.3881422580837122,-0.9417874663514129
213,0.2067850874941812,-1.024924304846279,-0.6953616307277275
214,1.5151156444004226,0.9293320029051264,0.6305068715533062
215,-0.6195289484466028,-1.1941211571637165,-0.8101535217826457
216,-0.3440909364663415,0.8372209751956333,0.5680139887782348
217,1.1019586264300305,0.948930093907146,0.6438032295905554
218,1.7216941533856187,1.7413462400888124,1.1814193062299985
219,-0.4129504394614068,0.5543551950664812,0.3761032211072713
220,-1.10154546941206,-0.9720094591408256,-0.6594614640271546
221,-0.5506694454515375,-0.06788419424764662,-0.04605614657539109
222,-0.06865292448608014,-0.1995180388112128,-0.1353633513922483
223,-0.6195289484466028,-0.8485414858281011,-0.5756944083924846
224,-1.2392644754021909,-1.59751519695529,-1.0838368913826917
225,1.4462561414053572,0.8607386843980571,0.5839696184229339
226,0.7576611114547039,-0.590826589151541,-0.40084730020265746
227,0.4133635964793772,0.1777452129776679,0.12059154082479899
228,-0.9638264634219296,-0.9644968575900514,-0.6543645267795425
229,-0.2063719304762108,-0.1299448157540426,-0.08816128036001361
230,0.00020657850898520382,-0.12275884905330202,-0.08328594907968889
231,-1.10154546941206,-1.8081946752270028,-1.2267727402831208
232,-0.13751242748114548,0.002342298509590893,0.0015891363914185659
233,2.823446201306664,1.11159424922391,0.7541630012997236
234,-0.4818099424564721,0.11568459147127193,0.07848640704017648
235,-0.5506694454515375,-0.24949317086636325,-0.1692690643872338
236,1.7216941533856187,1.8762464331527149,1.2729425707197304
237,0.8265206144497692,0.8940554391014908,0.6065734270862576
238,-0.06865292448608014,-1.1059297476546277,-0.7503199106150245
239,-0.2063719304762108,0.31623838939194104,0.21455247095469343
240,0.3445040934843119,-0.022808584943001156,-0.015474523089717921
241,1.0330991234349651,2.266901713792976,1.537983307595565
242,0.2067850874941812,0.23457967688352524,0.1591509791328217
243,1.8594131593757488,2.1101169857768176,1.431612443297571
244,1.790553656380684,1.9464729259099527,1.3205878536865403
245,-0.06865292448608014,1.228202890685928,0.8332763316213566
246,0.6199421054645732,0.4230479853529488,0.2870176222577016
247,-0.6883884514416682,0.6562652682769841,0.4452442829009672
248,0.00020657850898520382,0.5514154814161782,0.37410876740168386
249,0.5510826024695079,1.869713736152042,1.2685104513739809
250,-0.2752314334712761,-0.15770877800690394,-0.10699778757944998
251,-0.2063719304762108,0.7176726200833127,0.48690620475101465
252,-0.06865292448608014,1.2108912436341437,0.8215312153551197
253,-0.3440909364663415,0.2447053572345688,0.1660207641187338
254,0.2067850874941812,0.2989267423401568,0.20280735468845656
255,-1.10154546941206,-1.2081664557151641,-0.8196825783760078
256,-1.1704049724071257,1.2432280937874765,0.8434702061165811
257,-0.4818099424564721,-0.23414133291478104,-0.15885358392472188
258,1.170818129425096,1.4555407463093573,0.9875140848534474
259,1.2396776324201613,-0.41640357923356497,-0.28250971367113953
260,0.13792558449911588,1.4754654721614109,1.0010320488579842
261,-0.9638264634219296,-0.5277860630950441,-0.35807734851617257
262,0.9642396204399,1.4022992657538702,0.9513923121855871
263,1.377396638410292,0.16957934172682632,0.11505139164261181
264,0.9642396204399,0.668024122878196,0.45322209772331673
265,-1.5835619903775175,-0.8687928465301882,-0.5894339783643088
266,-1.2392644754021909,-1.5370877496990625,-1.0428397874345068
267,0.2067850874941812,-0.2279352707641415,-0.15464307054625967
268,-0.8949669604268642,0.5275711373637209,0.35793153178969733
269,-0.13751242748114548,1.540139172468076,1.0449100303809067
270,-0.8261074574317988,-0.3775340320795591,-0.2561386035639286
271,0.7576611114547039,1.230815969486197,0.8350491793596564
272,1.790553656380684,0.2577707512359153,0.17488500281023325
273,-0.13751242748114548,0.924759115004655,0.6274043880112813
274,-0.8949669604268642,-0.6492942273075667,-0.44051476834711767
275,1.652834650390553,0.3717663138976637,0.25222548539356615
276,-0.6195289484466028,-0.17338725080851974,-0.11763487400924934
277,0.6888016084596386,1.320313918395421,0.895769214396428
278,0.2067850874941812,-0.023788489493102145,-0.016139340991580382
279,-1.927859505352844,-0.6466811485072974,-0.4387419206088178
280,-0.7572479544367335,-1.5641984422518564,-1.0612330827193681
281,0.00020657850898520382,-0.044366485045222906,-0.03010051693069205
282,-0.13751242748114548,0.8104369174928729,0.5498422994606609
283,-0.06865292448608014,0.8738040783994037,0.5928338571144335
284,1.583975147395488,1.3555904821990563,0.9197026588634764
285,0.5510826024695079,-1.3153026865262054,-0.8923693356463033
286,1.583975147395488,1.1788810283308448,0.7998138305609461
287,1.170818129425096,1.2089314345339417,0.8202015795513948
288,-1.10154546941206,-0.7734154703203586,-0.5247250359163627
289,0.3445040934843119,1.2941831303927278,0.878040737013429
290,0.3445040934843119,-0.14464338400555746,-0.09813354888795053
291,0.4133635964793772,0.9090806422030392,0.616767301581482
292,-1.3081239783972562,-1.232337434617655,-0.8360814199552816
293,-0.13751242748114548,-1.4044740005853953,-0.9528677647157872
294,0.06906608150405054,-0.20278438731154946,-0.1375794110651232
295,1.790553656380684,0.25319786333544403,0.17178251926820845
296,0.6199421054645732,0.8953619785016254,0.6074598509554076
297,-1.3081239783972562,-1.549173239150308,-1.0510392082241435
298,-0.7572479544367335,-1.1317339008072869,-0.7678267820307357
299,0.4133635964793772,0.3910377700496498,0.2653002374635279
300,-1.7212809963676483,-2.3945042310374283,-1.62455545156416
301,-1.7212809963676483,-1.1493721827091046,-0.77979350426426
302,1.9971321653658798,1.414384755205116,0.9595917329752243
303,1.1019586264300305,-0.19167880241040489,-0.13004480817734862
304,-0.2063719304762108,-0.42914233838487786,-0.29115234639535154
305,0.00020657850898520382,-0.3726345093290542,-0.2528145140546163
306,-0.2063719304762108,-0.300121572621581,-0.20361798931679426
307,-1.10154546941206,-2.026060120199456,-1.3745839204638746
308,-1.4458429843873868,-1.0513817276990058,-0.713311714078014
309,-0.5506694454515375,-0.16097512650724058,-0.10921384725232486
310,-1.0326859664169947,0.06668936396622249,0.04524551194705347
311,0.2756445904892465,0.78430612949018,0.532113822077662
312,0.6888016084596386,0.9094072770530728,0.6169889075487694
313,-1.2392644754021909,-0.6881637744615725,-0.46688587845432855
314,1.7216941533856187,0.2499315148351074,0.16956645959533356
315,-0.8949669604268642,-0.15182935070629802,-0.10300888016827522
316,0.6888016084596386,-0.652887210657937,-0.44295243398728
317,-0.3440909364663415,-0.3177598545233988,-0.21558471155031853
318,-0.9638264634219296,-0.5157005736437985,-0.34987792772653553
319,0.13792558449911588,0.4341535702540933,0.29455222514547613
320,-1.7212809963676483,-1.0030397698940237,-0.6805140309194659
321,0.9642396204399,1.1756146798305085,0.7975977708880715
322,0.3445040934843119,-0.11622615205262875,-0.07885382973393916
323,1.7216941533856187,0.9992318608123302,0.6779305485528283
324,0.00020657850898520382,0.4459124248553052,0.3025300399678257
325,-1.0326859664169947,0.0833477413179393,0.0565474162787153
326,-0.4818099424564721,-0.11524624750252775,-0.07818901183207669
327,-0.6883884514416682,-0.29326224077087404,-0.198964264003757
328,0.2756445904892465,1.4846112479623532,1.0072370159420339
329,0.6888016084596386,-0.00811001669148632,-0.005502254561781012
330,1.170818129425096,-0.4624590930883114,-0.31375615505867516
331,-0.2752314334712761,0.5180987267127447,0.3515049587383603
332,0.2756445904892465,0.7313912837847266,0.49621365537708917
333,-0.4129504394614068,-1.1062563825046612,-0.7505415165823117
334,-0.8949669604268642,-0.6264297878052103,-0.4250023506369936
335,1.583975147395488,1.444108526558179,0.9797578759983854
336,0.2756445904892465,0.5494556723159764,0.372779131597959
337,0.2067850874941812,1.32292699719569,0.8975420621347278
338,0.5510826024695079,-0.03162772589391005,-0.021457884206480062
339,0.2067850874941812,0.2140016813314045,0.14518980319371003
340,-0.6883884514416682,0.928678733205059,0.6300636596187312
341,-2.478735529313367,-1.1510053569592729,-0.7809015341006974
342,-1.0326859664169947,-0.944572131737998,-0.6408465627750058
343,0.4822230994744425,-0.31286033177289385,-0.21226062204100624
344,-0.6883884514416682,-0.043059945645088256,-0.0292140930615421
345,-1.5147024873824522,-2.148221554112046,-1.4574645522293945
346,-1.4458429843873868,-1.1686436388610908,-0.7928682563342218
347,1.8594131593757488,0.7300847443845919,0.4953272315079392
348,-0.06865292448608014,0.2306600586831213,0.15649170752537186
349,-2.6164545353034976,-1.1660305600608214,-0.7910954085959218
350,-0.3440909364663415,-0.2302217147143771,-0.15619431231727204
351,-0.4818099424564721,-0.9210544225355742,-0.6248909331303067
352,-0.2063719304762108,0.3106855969413687,0.21078516951080611
353,0.13792558449911588,0.1555340431753788,0.10552233504924988
354,-0.9638264634219296,-1.4188459339868766,-0.9626184272764367
355,-0.8261074574317988,-1.030803732146885,-0.6993505381389024
356,0.9642396204399,0.3057860741908638,0.20746108000149382
357,0.2067850874941812,0.1574938522755808,0.1068519708529748
358,1.3085371354152266,0.547822498065808,0.3716711017615215
359,0.5510826024695079,0.6425466045755702,0.4359368322748927
360,0.4133635964793772,0.5082996812117347,0.3448567797197356
361,1.4462561414053572,1.7384065264385091,1.1794248525244109
362,-0.6883884514416682,-0.4634389976384125,-0.31442097296053767
363,0.9642396204399,0.32538416519288355,0.22075743803874304
364,0.4822230994744425,0.1258102718223155,0.08535619202608859
365,-0.7572479544367335,-0.6163041074541667,-0.41813256565108153
366,-0.6195289484466028,-0.7436916989672953,-0.5045588928932013
367,-0.7572479544367335,0.36000745929645184,0.24424767057121666
368,0.06906608150405054,-0.004190398491082365,-0.00284298295433117
369,0.4133635964793772,0.30611270904089743,0.2076826859687813
370,1.170818129425096,-0.3216794727238028,-0.2182439831577684
371,-0.7572479544367335,-0.17698023415889005,-0.1200725396494117
372,0.5510826024695079,1.282424275791516,0.8700629221910795
373,0.6888016084596386,-1.197387505664053,-0.8123695814555205
374,-1.1704049724071257,-0.2383875859652187,-0.16173446149945922
375,-0.5506694454515375,-1.853596919381682,-1.2575759697360815
376,0.3445040934843119,0.4602843582567863,0.31228070252847506
377,0.06906608150405054,-0.10838691565182083,-0.07353528651903947
378,-0.13751242748114548,1.5616970725702977,1.0595360242218808
379,-2.2721570203281707,-2.6349074806622035,-1.78765744348775
380,-0.6195289484466028,-0.7338926534662854,-0.49791071387457675
381,0.6888016084596386,0.03827213201329382,0.02596579279304212
382,-0.2063719304762108,0.09151361256878088,0.06208756546090247
383,-0.2752314334712761,-0.8139181917245328,-0.552204175860011
384,1.377396638410292,0.3890779609494478,0.26397060165980296
385,0.6199421054645732,0.1320163339729551,0.08956670540455083
386,1.7216941533856187,1.7070495808352777,1.1581506796648124
387,0.00020657850898520382,-0.34813689557652944,-0.2361940665080548
388,-0.2063719304762108,-0.09140190345007038,-0.06201177622009016
389,0.13792558449911588,-1.1516586266593405,-0.7813447460352726
390,0.4133635964793772,1.5195611769159552,1.0309488544417948
391,-0.4129504394614068,0.2453586269346361,0.16646397605330873
392,0.8953801174448346,0.8431004024962393,0.5720028961894097
393,-0.06865292448608014,0.5481491329158417,0.37189270772880906
394,0.4822230994744425,1.3738820338009416,0.9321125930315758
395,-0.9638264634219296,-0.9938939940930812,-0.6743090638354163
396,1.652834650390553,1.2638060893395973,0.8574313820556927
397,0.13792558449911588,1.4375758295575058,0.9753257566526357
398,-0.3440909364663415,-0.3197196636236008,-0.2169143473540435
399,0.8953801174448346,1.5969736363739333,1.0834694686889292
400,-1.3769834813923216,-0.9854014879922058,-0.6685473086859416
401,-1.0326859664169947,-1.1075629219047958,-0.7514279404514617
402,-1.3081239783972562,-0.5516304071475014,-0.3742545841281591
403,0.5510826024695079,-0.6045452528529548,-0.41015475082873193
404,1.2396776324201613,0.7003609730315286,0.4751610884847779
405,1.4462561414053572,-0.7162543715644676,-0.48594399164105245
406,-0.6883884514416682,-0.051552451745963485,-0.034975848211016757
407,-2.1344380143380404,-0.7554505535685071,-0.5125367077155508
408,-1.0326859664169947,0.046438003264135386,0.03150594197522928
409,-1.10154546941206,-0.5545701207978044,-0.37624903783374647
410,2.410289183336272,2.427932694859572,1.647235049468296
411,-1.3081239783972562,-0.211930163112492,-0.1437843781491728
412,-0.5506694454515375,-0.4931627689914758,-0.334587115983699
413,0.6199421054645732,1.1618960161290943,0.7882903202619967
414,1.0330991234349651,0.6389536212251999,0.43349916663473037
415,0.9642396204399,-1.0464822049485007,-0.7099876245687016
416,-1.5147024873824522,-2.498700748198166,-1.6952477551288678
417,2.410289183336272,1.891924905954331,1.28357965714953
418,0.2756445904892465,-0.35630276682737105,-0.241734215690242
419,1.8594131593757488,1.4601136342098286,0.9906165683954723
420,-1.3769834813923216,-0.7678626778697863,-0.5209577344724754
421,-1.927859505352844,-0.24034739506542066,-0.16306409730318414
422,0.5510826024695079,0.01867404101127404,0.012669434755792908
423,-0.13751242748114548,-0.5777611951501945,-0.3919830615111581
424,1.583975147395488,0.3750326623980003,0.254441545066441
425,-0.6883884514416682,-1.404800635435429,-0.9530893706830746
426,0.9642396204399,0.6513657455264792,0.4419201933916549
427,-0.3440909364663415,-0.04077350169485262,-0.027662851290529696
428,-1.1704049724071257,-0.9272604846862138,-0.629101446508769
429,-0.8261074574317988,-0.11557288235256145,-0.0784106177993642
430,0.7576611114547039,1.5009429904640363,1.0183173143064082
431,0.8265206144497692,-0.9707029197406909,-0.6585750401580046
432,-0.9638264634219296,-0.5709018632994876,-0.3873293361981208
433,-0.13751242748114548,0.9989052259622964,0.6777089425855407
434,0.9642396204399,0.9035278497524668,0.6130000001375946
435,0.2067850874941812,-0.1413770355052208,-0.09591748921507565
436,-0.7572479544367335,-1.3956548596344864,-0.946884403599025
437,1.4462561414053572,0.5115660297120714,0.3470728393926105
438,0.3445040934843119,1.4882042313127235,1.0096746815821962
439,-0.8261074574317988,0.5298575813139565,0.3594827735607098
440,0.13792558449911588,-1.2983176743244549,-0.8808458253473539
441,0.2756445904892465,0.1731723250771966,0.11748905728277416
442,0.06906608150405054,0.9662417409589302,0.6555483458567922
443,-1.1704049724071257,-2.3899313431369564,-1.6214529680221348
444,0.4822230994744425,1.7727031856920439,1.2026934790895971
445,0.13792558449911588,-0.5529369465476361,-0.3751410079973091
446,-0.5506694454515375,0.9642819318587282,0.6542187100530672
447,-3.511628074239346,-2.003848950397167,-1.3595147146883253
448,-1.6524214933725832,-3.081743955508254,-2.0908144067370316
449,0.00020657850898520382,1.1347853235763004,0.7698970249771354
450,-0.4129504394614068,0.017040866761105725,0.011561404919355473
451,-0.4818099424564721,0.9201862271041836,0.6243019044692565
452,0.5510826024695079,1.185413725331518,0.8042459499066958
453,1.9282726623708144,2.2499167015912254,1.5264597972966154
454,-2.409876026318301,-0.8890442072322753,-0.603173548336133
455,-1.5835619903775175,-1.0379896988476256,-0.704225869419227
456,0.9642396204399,-0.08650238069956542,-0.05868768671077785
457,0.8265206144497692,0.7019941472816971,0.47626911832121543
458,-0.13751242748114548,-1.7948026463756226,-1.2176868956243339
459,1.2396776324201613,0.9378245090060016,0.6362686267027808
460,-0.06865292448608014,0.5729733815184,0.38873476124265804
461,-1.6524214933725832,-3.126166295112833,-2.12095281828813
462,-1.6524214933725832,-1.6768874655134702,-1.137687141433551
463,0.13792558449911588,0.6445064136757722,0.43726646807861763
464,2.616867692321468,0.5893051240200832,0.39981505960703234
465,-0.7572479544367335,0.2724693194874301,0.18485727133817012
466,-0.06865292448608014,0.2456852617846698,0.16668558202059625
467,1.2396776324201613,0.7111399230826395,0.482474085405265
468,1.0330991234349651,1.7723765508420104,1.2024718731223099
469,0.6199421054645732,-0.532685585845549,-0.3614014380254849
470,-0.3440909364663415,-0.08094958824899316,-0.05492038526689058
471,-1.1704049724071257,-0.6496208621576003,-0.4407363743144051
472,1.2396776324201613,1.3905404111526585,0.9434144973632377
473,0.7576611114547039,1.38890723690249,0.9423064675268
474,-0.6883884514416682,-0.8547475479787406,-0.5799049217709469
475,0.5510826024695079,0.05525714421504429,0.03748930309199143
476,0.13792558449911588,-0.5477107889470975,-0.3715953125207092
477,0.6199421054645732,-0.9713561894407584,-0.6590182520925797
478,1.9971321653658798,1.064232195969029,0.7220301360430382
479,-0.4818099424564721,-1.0275373836465485,-0.6971344784660275
480,-0.2752314334712761,0.08628745496824226,0.05854186998430268
481,-0.4129504394614068,-1.3355540472282923,-0.9061089056181273
482,-0.6883884514416682,-0.2795435770694602,-0.18965681337768256
483,0.8953801174448346,0.18591108422850947,0.12613169000698615
484,1.2396776324201613,1.230815969486197,0.8350491793596564
485,1.1019586264300305,1.8066732100955452,1.225740499687496
486,-0.4818099424564721,-0.240020760215387,-0.16284249133589668
487,-0.5506694454515375,-0.9595973348395463,-0.6510404372702301
488,-0.2752314334712761,1.2151374966845814,0.8244120929298572
489,-0.06865292448608014,-1.222538389116645,-0.8294332409366569
490,-0.4129504394614068,-0.6048718877029885,-0.4103763567960194
491,0.8953801174448346,-0.04142677139491994,-0.028106063225104668
492,0.13792558449911588,-0.10675374140165253,-0.07242725668260204
493,-0.6883884514416682,-0.7561038232685745,-0.5129799196501259
494,0.00020657850898520382,-0.4003984715819155,-0.27165102127405266
495,-0.6883884514416682,-0.5209267312443371,-0.3534236232031353
496,-0.2063719304762108,-0.015295983392226906,-0.010377585842105724
497,0.00020657850898520382,-0.0832360321992288,-0.05647162703790298
498,0.7576611114547039,1.0864433657713182,0.7370993418185873
499,-0.6195289484466028,-1.5504797785504427,-1.0519256320932937
500,0.6199421054645732,0.3730728532977983,0.2531119092627161
501,1.8594131593757488,0.9652618364088292,0.6548835279549298
502,-0.13751242748114548,0.12972989002271945,0.08801546363353843
503,0.9642396204399,1.9049902999556776,1.2924438958410296
504,-1.6524214933725832,-2.051211003652048,-1.391647579945011
505,0.4822230994744425,-0.328212169724476,-0.2226761025035181
506,-2.8230330442886937,-2.997798799049604,-2.0338616731441483
507,1.4462561414053572,0.5680738587678951,0.3854106717333457
508,0.8265206144497692,0.9156133392037124,0.6211994209272317
509,0.7576611114547039,1.3817212702017494,0.9374311362464753
510,1.0330991234349651,0.6984011639313266,0.4738314526810529
511,-1.0326859664169947,-0.4814039143902639,-0.32660930116134945
512,0.3445040934843119,-0.7231137034151744,-0.49059771695408966
513,0.4133635964793772,0.9433773014565738,0.6400359281466681
514,-0.13751242748114548,-0.821430793275307,-0.5573011131076232
515,0.9642396204399,0.11274487782096895,0.0764919533345891
516,0.8953801174448346,1.7478789370894856,1.1858514255757482
517,0.2067850874941812,0.14116210977389765,0.09577167248860047
518,-0.8261074574317988,-1.2084930905651976,-0.819904184343295
519,-0.9638264634219296,-1.6334450304589931,-1.1082135477843154
520,0.06906608150405054,-0.4791174704400283,-0.325058059390337
521,1.377396638410292,0.3515149531955766,0.23848591542174197
522,2.1348511713560105,1.0648854656690965,0.7224733479776132
523,-0.9638264634219296,-0.7985663537729506,-0.5417886953974991
524,0.7576611114547039,1.5750891014216784,1.068621868880668
525,-0.4818099424564721,1.100162029472732,0.7464067924446617
526,-0.5506694454515375,-0.5290926024951788,-0.3589637723853225
527,-0.4818099424564721,-0.2909757968206384,-0.1974130222327446
528,-1.3081239783972562,-0.6130377589538301,-0.4159165059782066
529,-0.06865292448608014,0.3263640697429845,0.22142225594060547
530,1.583975147395488,1.6551146396799254,1.122915330866102
531,-0.6195289484466028,-0.9478384802383346,-0.6430626224478806
532,0.4822230994744425,0.11143833842083432,0.07560552946543916
533,0.13792558449911588,0.5017669842110615,0.3404246603739859
534,-0.5506694454515375,-0.04142677139491994,-0.028106063225104668
535,-0.4129504394614068,-0.4686651552389511,-0.31796666843713745
536,-0.4818099424564721,-1.0079392926445283,-0.683838120428778
537,-0.06865292448608014,-0.8433153282275625,-0.5721487129158849
538,1.2396776324201613,0.09020707316864622,0.06120114159175252
539,-1.0326859664169947,-1.3603782958308508,-0.9229509591319764
540,-0.8949669604268642,-1.033743445797188,-0.7013449918444896
541,0.8953801174448346,-0.06657765484751199,-0.04516972270624116
542,-1.2392644754021909,-0.5330122206955826,-0.36162304399277234
543,-2.1344380143380404,-1.054974711049376,-0.7157493797181762
544,0.2756445904892465,-0.5176603827440005,-0.35120756353026045
545,-0.5506694454515375,-1.1689702737111245,-0.7930898623015092
546,1.583975147395488,-0.10577383685155152,-0.07176243878073957
547,-0.6883884514416682,0.11470468692117095,0.07782158913831402
548,1.652834650390553,2.596476277476942,1.7615837285886389
549,1.4462561414053572,-0.06461784574731001,-0.043840086902516236
550,1.9282726623708144,2.856477618103737,1.9379820785494781
551,0.9642396204399,0.5145057433623744,0.34906729309819795
552,1.1019586264300305,0.16761953262662435,0.1137217558388869
553,-1.0326859664169947,-1.7987222645760266,-1.2203461672317837
554,-0.2063719304762108,0.0823678367678383,0.05588259837685283
555,-1.4458429843873868,-0.5973592861522142,-0.40527941954840724
556,0.2067850874941812,-0.6535404803580043,-0.443395645921855
557,1.0330991234349651,0.4090026868015013,0.2774885656643397
558,-1.0326859664169947,-0.05971832299680506,-0.040515997393203926
559,-1.1704049724071257,-1.5837965332538764,-1.0745294407566173
560,-1.7901404993627137,-1.6883196852646485,-1.1454433502886132
561,-0.5506694454515375,0.31656502424197464,0.2147740769219809
562,-0.8261074574317988,0.31003232724130136,0.21034195757623114
563,2.616867692321468,1.1743081404303737,0.7967113470189214
564,0.4822230994744425,-0.3651219077782799,-0.24771757680700413
565,-0.13751242748114548,0.06374965031591953,0.04325105824146609
566,-0.06865292448608014,-0.8730390995806258,-0.5923148559390461
567,-0.2752314334712761,-1.2035935678146927,-0.8165800948339829
568,0.4133635964793772,1.1834539162313158,0.8029163141029707
569,0.06906608150405054,0.7078735745823028,0.48025802573239007
570,0.7576611114547039,1.7351401779381728,1.1772087928515362
571,2.3414296803412067,2.5801445349752594,1.750503430224265
572,2.8923057043017293,1.1540567797282864,0.7829717770470971
573,-1.1704049724071257,-1.8509838405814123,-1.2558031219977814
574,-0.5506694454515375,-0.7387921762167903,-0.501234803383889
575,-0.2752314334712761,0.4593044537066853,0.3116158846266126
576,0.4133635964793772,0.6350340030247961,0.4308398950272806
577,-1.10154546941206,-0.24949317086636325,-0.1692690643872338
578,1.5151156444004226,1.4780785509616798,1.002804896596284
579,0.06906608150405054,0.1150313217712046,0.07804319510560151
580,0.8953801174448346,1.0465939140672114,0.710063413809514
581,-0.6883884514416682,-1.3375138563284945,-0.9074385414218524
582,-0.5506694454515375,-1.9780447972445077,-1.3420078432726141
583,-0.13751242748114548,-0.7835411506714022,-0.5315948209022747
584,-0.4129504394614068,-0.6659526046592835,-0.4518166726787795
585,2.1348511713560105,2.1502930723309586,1.4588699772739322
586,0.00020657850898520382,0.34236917739463396,0.2322809483376923
587,0.3445040934843119,-0.6584400031085093,-0.4467197354311673
588,0.9642396204399,0.6281746711740891,0.42618616971424333
589,1.377396638410292,0.7281249352843899,0.49399759570421425
590,1.377396638410292,-0.6166307423042003,-0.41835417161836896
591,-0.06865292448608014,-0.32135283787376906,-0.21802237719048087
592,0.2067850874941812,0.8708643647491007,0.590839403408846
593,1.5151156444004226,2.4703952253639483,1.6760438252156693
594,-0.5506694454515375,-1.4061071748355638,-0.9539757945522247
595,0.8265206144497692,0.8440803070463403,0.5726677140912722
596,-0.8261074574317988,0.8257887554444552,0.5602577799231728
597,-0.3440909364663415,0.6618180607275563,0.44901158434485444
598,1.4462561414053572,0.7477230262864097,0.5072939537414635
599,-0.5506694454515375,-0.4017050109820501,-0.2725374451432026
600,-1.4458429843873868,-0.5196201918442025,-0.3525371993339854
601,0.13792558449911588,-0.7590435369188774,-0.5149743733557132
602,-0.2752314334712761,-0.41150405648306,-0.2791856241618272
603,0.00020657850898520382,0.9077741028029046,0.615880877712332
604,0.3445040934843119,-0.3546695925772027,-0.24062618585380455
605,-0.3440909364663415,-0.971682824290792,-0.6592398580598672
606,0.8265206144497692,0.8956886133516591,0.607681456922695
607,-1.4458429843873868,-1.3130162425759695,-0.8908180938752907
608,-0.8261074574317988,-0.9102754724844634,-0.6175779362098196
609,0.00020657850898520382,0.19048397212898074,0.12923417354901096
610,1.0330991234349651,0.6536521894767148,0.4434714351626673
611,0.8265206144497692,0.4060629731511983,0.2754941119587523
612,-1.1704049724071257,-0.9311801028866178,-0.6317607181162188
613,0.4822230994744425,0.1819914660281055,0.12347241839953631
614,1.1019586264300305,0.21073533283106785,0.14297374352083517
615,0.8953801174448346,0.08138793221773732,0.055217780474990374
616,0.5510826024695079,-0.18285966145949598,-0.12406144706058646
617,0.4133635964793772,1.2644593590396644,0.8578745939902677
618,-0.2752314334712761,-0.047632833545559534,-0.03231657660356692
619,-0.06865292448608014,-0.1906988978603039,-0.12937999027548613
620,-0.2752314334712761,-0.08029631854892583,-0.054477173332315595
621,-0.06865292448608014,-0.8710792904804238,-0.5909852201353212
622,-1.10154546941206,-0.6907768532618419,-0.4686587261926285
623,-0.2752314334712761,-0.07507016094838723,-0.050931477855715813
624,-1.4458429843873868,-1.6432440759600029,-1.11486172680294
625,-0.2063719304762108,1.14458436907731,0.7765452039957599
626,-0.5506694454515375,-0.6937165669121448,-0.4706531798982158
627,-0.2752314334712761,-0.0848692064493971,-0.05757965687434041
628,0.4133635964793772,0.2538511330355114,0.17222573120278342
629,2.616867692321468,1.2187304800349517,0.8268497585700195
630,1.170818129425096,0.33975609859436473,0.23050810059939247
631,0.6888016084596386,-0.2766038634191573,-0.18766235967209524
632,-0.2752314334712761,0.08530755041814128,0.05787705208244022
633,-0.6883884514416682,-0.3945190442813096,-0.26766211386287797
634,0.00020657850898520382,-0.3210262030237354,-0.21780077122319338
635,-0.3440909364663415,0.4279475081034537,0.2903417117670139
636,-1.4458429843873868,-0.2279352707641415,-0.15464307054625967
637,1.2396776324201613,1.1047349173732033,0.7495092759866866
638,0.2067850874941812,0.5066665069615665,0.34374874988329823
639,0.5510826024695079,1.459786999359795,0.9903949624281848
640,0.2756445904892465,-0.4817305492402976,-0.32683090712863694
641,-0.9638264634219296,-1.9845774942451808,-1.3464399626183636
642,0.2756445904892465,-1.5236957208476825,-1.0337539427757199
643,0.8953801174448346,0.4753095613583349,0.3224745770236995
644,-0.6883884514416682,-1.9091248438874049,-1.2952489841749544
645,-0.06865292448608014,0.0163875970610384,0.011118192984780501
646,-0.6883884514416682,0.6229485135735505,0.42264047423764356
647,1.4462561414053572,1.2033786420833694,0.8164342781075076
648,-1.7901404993627137,-2.520585283150422,-1.7100953549371296
649,0.06906608150405054,0.060156666965549235,0.04081339260130373
650,0.6199421054645732,0.3230977212426479,0.21920619626773064
651,1.4462561414053572,1.4996364510639018,1.0174308904372582
652,-0.2063719304762108,0.4890282250597487,0.33178202764977394
653,-0.6883884514416682,0.007895090960163163,0.005356437835305842
654,0.6888016084596386,-0.9125619164346992,-0.6191291779808322
655,-0.3440909364663415,-0.8629134192295822,-0.585445070953134
656,1.7216941533856187,1.1847604556314508,0.803802737972121
657,-0.7572479544367335,-0.9876879319424414,-0.670098550456954
658,1.170818129425096,1.2442079983375771,0.8441350240184433
659,1.583975147395488,1.0433275655668748,0.7078473541366391
660,0.3445040934843119,0.2172680298317411,0.14740586286658489
661,-1.7901404993627137,-2.491514781497425,-1.6903724238485427
662,-1.5147024873824522,-2.7191792719708885,-1.8448317830479215
663,-0.2752314334712761,0.9120203558533422,0.6187617552870693
664,0.4822230994744425,0.4619175325069546,0.3133887323649125
665,0.3445040934843119,0.6722703759286336,0.45610297529805405
666,-0.8949669604268642,-1.2591214923204157,-0.8542531092728558
667,2.2725701773461413,1.7632307750410678,1.1962669060382602
668,0.6888016084596386,1.753431729540058,1.1896187270196357
669,1.5151156444004226,0.5386767222648654,0.3654661346774719
670,1.4462561414053572,0.866618111698663,0.5879585258341087
671,0.6888016084596386,0.3391028288942974,0.23006488866481747
672,0.8953801174448346,0.2933739498895846,0.19904005324456933
673,-0.4818099424564721,-0.3772073972295255,-0.25591699759664116
674,-0.7572479544367335,-1.0513817276990058,-0.713311714078014
675,-0.8261074574317988,-0.8420087888274278,-0.5712622890467349
676,-0.4818099424564721,-0.5431379010466262,-0.3684928289786844
677,1.2396776324201613,0.09184024741881454,0.06230917142818996
678,0.8265206144497692,0.7686276566885641,0.5214767356478627
679,-0.6195289484466028,-0.7923602916223109,-0.5375781820190368
680,-0.6195289484466028,-0.7378122716666893,-0.5005699854820266
681,0.6199421054645732,0.2411123738841985,0.16358309847857144
682,-1.3769834813923216,-0.5493439631972659,-0.37270334235714675
683,1.4462561414053572,0.3926709442998181,0.2664082672999653
684,1.7216941533856187,2.3675052476033445,1.606237945520111
685,-2.065578511342975,-0.8632400540796159,-0.5856666769204215
686,0.8265206144497692,1.2445346331876108,0.8443566299857308
687,-1.0326859664169947,-0.5666556102490501,-0.38444845862338356
688,-0.7572479544367335,-0.3298453439746443,-0.22378413233995556
689,1.0330991234349651,0.31558511969187364,0.2141092590201184
690,-0.06865292448608014,-0.8420087888274278,-0.5712622890467349
691,1.2396776324201613,1.3810680005016822,0.9369879243119005
692,1.4462561414053572,1.2850373545917853,0.8718357699293793
693,0.3445040934843119,0.3779723760483033,0.25643599877202844
694,0.6888016084596386,0.4194550020025785,0.28457995661753926
695,0.3445040934843119,0.7500094702366453,0.5088451955124759
696,0.4822230994744425,0.4054097034511311,0.27505090002417737
697,-0.2752314334712761,-1.7193499960178464,-1.1664959171809244
698,-0.06865292448608014,0.514832378212408,0.3492888990654854
699,0.06906608150405054,-0.12177894450320102,-0.08262113117782643
700,1.170818129425096,1.124659643225257,0.7630272399912233
701,-0.4818099424564721,-0.8034658765234556,-0.5451127849068115
702,-1.2392644754021909,-0.5264795236949094,-0.35719092464702257
703,0.6888016084596386,-0.15346252495646634,-0.10411691000471267
704,1.9971321653658798,2.2920525972455685,1.5550469670767015
705,-0.3440909364663415,-0.28215665586972954,-0.19142966111598247
706,1.1019586264300305,-0.17959331295915934,-0.12184538738771158
707,0.06906608150405054,-0.4693184249390184,-0.3184098803717124
708,-1.5147024873824522,-1.714123838417308,-1.1629502217043248
709,-0.9638264634219296,-1.7134705687172405,-1.1625070097697496
710,0.13792558449911588,-0.5124342251434619,-0.34766186805366067
711,-1.5147024873824522,-0.930853468036584,-0.6315391121489312
712,0.6199421054645732,0.9904127198614212,0.6719471874360662
713,0.6199421054645732,-0.9439188620379306,-0.6404033508404308
714,-0.2752314334712761,0.22314745713234704,0.15139477027775966
715,-1.3081239783972562,-0.5045949887426541,-0.34234332483876107
716,0.9642396204399,-0.1756736947587554,-0.11918611578026177
717,-0.13751242748114548,-0.7345459231663527,-0.4983539258091517
718,0.06906608150405054,-1.4952784888947537,-1.0144742236217084
719,-0.2752314334712761,-0.0100698257916883,-0.006831890365505934
720,-0.7572479544367335,0.9368446044559006,0.6356038088009184
721,-0.13751242748114548,0.5621944314672892,0.381421764322171
722,-0.7572479544367335,-0.3984386624817136,-0.2703213854703278
723,0.9642396204399,2.057855409771432,1.3961554885315735
724,1.9282726623708144,-0.9168081694851368,-0.6220100555555694
725,-0.2063719304762108,0.2969669332399549,0.20147771888473168
726,1.652834650390553,0.8166429796435126,0.5540528128391232
727,0.3445040934843119,-1.7258826930185198,-1.170928036526674
728,0.6888016084596386,1.3284797896462623,0.901309363578615
729,-0.3440909364663415,0.30415289994069544,0.2063530501650564
730,0.2756445904892465,0.8123967265930749,0.5511719352643859
731,0.8265206144497692,0.07550850491713139,0.051228873063815614
732,-0.6883884514416682,-0.5614294526485113,-0.3809027631467837
733,1.1019586264300305,-0.6385152772564557,-0.4332017714266306
734,0.2756445904892465,-0.9857281228422397,-0.6687689146532292
735,-0.06865292448608014,-0.1890657236101356,-0.12827196043904873
736,0.2756445904892465,1.3758418429011436,0.9334422288353007
737,-0.6195289484466028,-0.8384158054770575,-0.5688246234065726
738,-0.2752314334712761,1.0145836987639123,0.6883460290153403
739,-0.13751242748114548,-0.358262575927573,-0.2430638514939669
740,-0.8949669604268642,-1.109196096154964,-0.7525359702878991
741,0.4822230994744425,0.18264473572817286,0.1239156303341113
742,1.2396776324201613,1.1086545355736073,0.7521685475941364
743,0.2067850874941812,-0.5153739387937649,-0.3496563217592481
744,-0.8949669604268642,0.07681504431726605,0.052115296932965564
745,0.8953801174448346,-0.4131372307332284,-0.2802936539982647
746,-1.3081239783972562,-0.6238167090049409,-0.42322950289869365
747,-0.9638264634219296,-1.1490455478590709,-0.7795718982969725
748,-0.8949669604268642,-0.12504529300353764,-0.0848371908507013
749,-0.7572479544367335,0.24601189663470344,0.16690718798788373
750,1.5151156444004226,0.4054097034511311,0.27505090002417737
751,-1.0326859664169947,-0.013336174292024928,-0.009047950038380801
752,1.0330991234349651,1.091342888521823,0.7404234313278996
753,-0.8261074574317988,-1.6203796364576466,-1.099349309092816
754,-0.7572479544367335,-0.3184131242234661,-0.21602792348489352
755,-3.2361900622590856,-1.4942985843446528,-1.0138094057198461
756,-0.2063719304762108,-0.22956844501430976,-0.15575110038269707
757,-1.0326859664169947,0.046438003264135386,0.03150594197522928
758,0.6199421054645732,0.6771698986791386,0.4594270648073664
759,-0.13751242748114548,-0.3478102607264958,-0.23597246054076731
760,-0.13751242748114548,0.2643034482365886,0.179317122155983
761,-0.6883884514416682,-0.3438906425260918,-0.23331318893331746
762,0.6888016084596386,2.0069003731661805,1.3615849576347254
763,0.06906608150405054,-0.5682887844992183,-0.38555648845982093
764,0.8953801174448346,1.437249194707472,0.9751041506853481
765,0.4133635964793772,-0.5388916479961886,-0.3656119514039471
766,-0.6195289484466028,-0.5457509798468955,-0.3702656767169843
767,0.6888016084596386,1.6286572168271989,1.1049652475158158
768,-1.2392644754021909,-0.8423354236774615,-0.5714838950140224
769,-0.8261074574317988,-0.7564304581186081,-0.5132015256174133
770,0.8953801174448346,0.432520396003925,0.2934441953090387
771,-1.3081239783972562,-1.5658316165020247,-1.0623411125558055
772,0.5510826024695079,-0.13157799000421092,-0.08926931019645104
773,-1.3769834813923216,-0.4562530309376719,-0.309545641680213
774,-0.6883884514416682,-0.26353846941781073,-0.17879812098059572
775,1.583975147395488,1.0864433657713182,0.7370993418185873
776,-1.2392644754021909,-0.3406242940257552,-0.23109712926044262
777,-1.4458429843873868,1.0171967775641817,0.6901188767536401
778,-1.2392644754021909,-0.9047226800338912,-0.6138106347659325
779,-0.3440909364663415,-1.4632682735914546,-0.9927568388275347
780,-1.3769834813923216,-0.2883627180203691,-0.1956401744944447
781,0.9642396204399,1.4173244688554187,0.9615861866808115
782,0.4822230994744425,0.8231756766441859,0.5584849321848729
783,-0.9638264634219296,-1.5099770571462685,-1.0244464921496452
784,-0.13751242748114548,-0.3886396169807037,-0.2636732064517032
785,0.2067850874941812,-1.5481933346002068,-1.050374390322281
786,0.13792558449911588,0.1761120387274996,0.11948351098836156
787,-0.4818099424564721,-0.4536399521374026,-0.3077727939419131
788,-1.0326859664169947,-1.740907896120068,-1.1811219110218982
789,0.5510826024695079,0.4975207311606239,0.33754378279924857
790,-0.4818099424564721,-1.1291208220070177,-0.766053934292436
791,0.6199421054645732,0.19832320852978866,0.13455271676391065
792,0.2067850874941812,0.5958378210207564,0.4042471789527821
793,-2.6164545353034976,-3.0376482507537097,-2.0608976011532207
794,-0.9638264634219296,-0.0848692064493971,-0.05757965687434041
795,-0.13751242748114548,1.2690322469401358,0.8609770775322925
796,2.065991668360945,2.198308395285907,1.4914460544651928
797,-0.7572479544367335,-0.04599965929539122,-0.03120854676712948
798,-1.2392644754021909,0.2443787223845351,0.16579915815144627
799,0.2067850874941812,-1.3208554789767777,-0.8961366370901905
800,1.2396776324201613,1.1507904312279498,0.7807557173742222
801,-0.8949669604268642,-2.186111196715951,-1.4831708444347431
802,1.4462561414053572,0.7082002094323365,0.4804796316996776
803,-1.927859505352844,-0.9746225379410949,-0.6612343117654544
804,-1.5147024873824522,-1.6938724777152208,-1.1492106517325005
805,-1.2392644754021909,-0.5901733194514737,-0.40040408826808255
806,0.2067850874941812,0.6536521894767148,0.4434714351626673
807,0.2067850874941812,-0.13811068700488416,-0.09370142954220077
808,0.8953801174448346,0.8731508086993363,0.5923906451798584
809,-0.5506694454515375,1.267725707540001,0.8600906536631424
810,1.1019586264300305,1.9399402289092795,1.3161557343407906
811,0.7576611114547039,-0.22205584346353555,-0.1506541631350849
812,0.7576611114547039,1.442148717457977,0.9784282401946605
813,0.4822230994744425,0.1751321341773986,0.11881869308649909
814,-0.2752314334712761,0.5595813526670199,0.3796489165838711
815,0.13792558449911588,0.3074192484410321,0.20856910983793125
816,-0.8949669604268642,1.0877499051714528,0.7379857656877372
817,-0.7572479544367335,-0.32592572577424034,-0.22112486073250567
818,0.2756445904892465,-1.1859552859128748,-0.8046133726004585
819,1.4462561414053572,2.3319020489496745,1.5820828950857744
820,-0.3440909364663415,-0.6646460652591488,-0.4509302488096295
821,0.4133635964793772,0.3769924714982023,0.255771180870166
822,1.0330991234349651,1.2419215543873416,0.842583782247431
823,0.13792558449911588,0.12058411422177688,0.0818104965494888
824,0.7576611114547039,1.7994872433948044,1.2208651684071712
825,-0.9638264634219296,-1.3345741426781914,-0.905444087716265
826,0.8265206144497692,1.812552637396151,1.2297294070986706
827,-0.2063719304762108,-0.5663289753990163,-0.384226852656096
828,-0.06865292448608014,0.3557612062460142,0.2413667929964793
829,-1.7212809963676483,-0.7649229642194834,-0.518963280766888
830,0.2067850874941812,-0.7776617233707962,-0.5276059134911
831,-1.3081239783972562,-0.2125834328125593,-0.14422759008374775
832,-0.5506694454515375,-0.3778606669295928,-0.25636020953121613
833,-1.1704049724071257,0.0340258789628562,0.02308491521830479
834,-1.3769834813923216,-1.4061071748355638,-0.9539757945522247
835,-0.8261074574317988,0.3645803471969231,0.24735015411324146
836,-0.8261074574317988,-0.5800476391004301,-0.39353430328217043
837,-1.3081239783972562,-0.2354478723149157,-0.15974000779387185
838,0.00020657850898520382,-0.6251232484050756,-0.42411592676784365
839,-0.13751242748114548,0.611842928672406,0.415105871349869
840,-0.7572479544367335,-1.4583687508409495,-0.9894327493182223
841,-0.9638264634219296,0.5844056012695783,0.3964909700977201
842,-0.13751242748114548,0.8235023114942195,0.5587065381521604
843,2.065991668360945,2.2930325017956688,1.5557117849785635
844,-0.6195289484466028,0.7405370595856692,0.5024186224611388
845,-0.8949669604268642,-1.0602008686499147,-0.7192950751947761
846,1.170818129425096,-1.092864353653281,-0.7414556719235248
847,-0.8949669604268642,-0.7645963293694497,-0.5187416747996005
848,0.8265206144497692,0.20420263583039455,0.1385416241750854
849,0.06906608150405054,0.7323711883348275,0.49687847327895157
850,1.170818129425096,-0.4640922673384798,-0.31486418489511264
851,0.8265206144497692,0.6755367244289702,0.45831903497092885
852,1.9282726623708144,0.5687271284679625,0.3858538836679207
853,0.6199421054645732,0.197016669129654,0.1336662928947607
854,-1.3081239783972562,-1.070326549000958,-0.7261648601806879
855,-1.5835619903775175,-0.8488681206781348,-0.5759160143597721
856,1.2396776324201613,-0.06069822754690605,-0.04118081529506639
857,0.7576611114547039,1.1991323890329322,0.8135534005327705
858,0.00020657850898520382,-0.16489474470764456,-0.11187311885977472
859,-0.3440909364663415,-0.10740701110171984,-0.072870468617177
860,1.2396776324201613,1.3428517230477437,0.9110600261392645
861,-0.7572479544367335,-0.2004979433613138,-0.13602816929411077
862,-0.4129504394614068,-0.5251729842947748,-0.3563045007778727
863,-0.4818099424564721,0.17480549932736492,0.1185970871192116
864,-1.8590000023577788,-1.2418098452686313,-0.8425079930066187
865,-1.10154546941206,0.08563418526817494,0.058098658049727706
866,0.6888016084596386,-0.5415047267964579,-0.367384799142247
867,-0.8261074574317988,-0.3448705470761928,-0.23397800683517994
868,-1.4458429843873868,-0.07311035184818525,-0.04960184205199089
869,-0.13751242748114548,-0.001577319690813062,-0.0010701352160312758
870,-2.065578511342975,-2.3125188836789783,-1.5689323537750004
871,1.9971321653658798,0.5376968177147644,0.36480131677560945
872,2.479148686331337,1.3853142535521197,0.9398688018866377
873,0.8953801174448346,1.0482270883173797,0.7111714436459514
874,-1.10154546941206,-0.3249458212241394,-0.22046004283064324
875,-2.2032975173331057,-1.1444726599585997,-0.7764694147549477
876,0.5510826024695079,-0.07017063819788227,-0.047607388346403504
877,0.7576611114547039,0.5442295147154377,0.36923343612135917
878,-1.1704049724071257,-1.4443234522895023,-0.9799036927248607
879,-1.10154546941206,-2.1714126284644357,-1.473198575906806
880,1.9282726623708144,0.9659151061088964,0.6553267398895046
881,-0.2063719304762108,-1.8362852723298977,-1.2458308534698446
882,0.00020657850898520382,-0.7783149930708635,-0.528049125425675
883,-0.06865292448608014,0.4782492750086378,0.32446903072928684
884,1.2396776324201613,2.569365584924148,1.7431904333037778
885,-0.6883884514416682,-1.4129665066862709,-0.958629519865262
886,-0.5506694454515375,-0.23708104656508405,-0.1608480376303093
887,1.0330991234349651,-0.042406675945020934,-0.028770881126967133
888,1.583975147395488,2.664416326283944,1.8076777697844364
889,-0.06865292448608014,0.07844821856743436,0.053223326769403
890,1.8594131593757488,1.9056435696557448,1.2928871077756043
891,-0.9638264634219296,-0.2047441964117514,-0.13890904686884809
892,-0.8261074574317988,-0.4461273505866283,-0.3026758566943008
893,0.06906608150405054,0.12189065362191152,0.08269692041863873
894,-0.5506694454515375,-1.3943483202343518,-0.9459979797298751
895,-0.8261074574317988,-0.9125619164346992,-0.6191291779808322
896,-1.3769834813923216,-1.281659296972738,-0.8695439210156921
897,0.4822230994744425,-0.2321815238145791,-0.157523948120997
898,0.3445040934843119,-0.15084944615619705,-0.10234406226641278
899,-0.4818099424564721,-1.9571401668423527,-1.3278250613662146
900,-0.2063719304762108,-1.2930915167239163,-0.8773001298707542
901,1.0330991234349651,0.9639552970086944,0.6539971040857797
902,0.9642396204399,-0.25831231181727216,-0.17525242550399595
903,-0.3440909364663415,0.3613139986965865,0.2451340944403666
904,-0.2752314334712761,-0.3598957501777413,-0.24417188133040432
905,0.06906608150405054,0.09771967471942047,0.06629807883936471
906,-0.9638264634219296,-0.7544706490184061,-0.5118718898136884
907,-0.5506694454515375,-0.3598957501777413,-0.24417188133040432
908,-0.2063719304762108,-0.19657832516090984,-0.1333688976866609
909,0.13792558449911588,0.6546320940268158,0.44413625306452975
910,-0.8261074574317988,-0.5117809554433945,-0.34721865611908564
911,-0.13751242748114548,0.3936508488499191,0.26707308520182776
912,0.7576611114547039,-1.3100765289256668,-0.8888236401697035
913,-0.4818099424564721,-1.4557556720406806,-0.9876599015799227
914,0.13792558449911588,0.4740030219582002,0.3215881531545496
915,0.06906608150405054,0.01867404101127404,0.012669434755792908
916,0.6888016084596386,-0.6767315547103944,-0.45912966959926654
917,1.5151156444004226,1.9876289170141943,1.3485102055647638
918,-0.06865292448608014,-0.7146211973142993,-0.484835961804615
919,0.3445040934843119,0.9930257986616906,0.6737200351743661
920,0.5510826024695079,0.5145057433623744,0.34906729309819795
921,0.4133635964793772,-0.26157866031760874,-0.17746848517687078
922,0.7576611114547039,1.8893118271540617,1.28180680941123
923,0.3445040934843119,-0.6535404803580043,-0.443395645921855
924,0.2756445904892465,-0.3879863472806363,-0.2632299945171282
925,3.167743716281991,3.7929397331502495,2.5733263867627034
926,0.4133635964793772,1.0093575411633735,0.6848003335387403
927,0.06906608150405054,0.512872569112206,0.3479592632617604
928,1.0330991234349651,-0.13059808545410992,-0.08860449229458858
929,0.13792558449911588,-0.18514610540973164,-0.12561268883159887
930,-2.409876026318301,-1.6327917607589255,-1.1077703358497402
931,0.5510826024695079,1.23996174528714,0.8412541464437063
932,-0.5506694454515375,-0.23250815866461275,-0.15774555408828445
933,-1.4458429843873868,-0.6443947045570617,-0.4371906788378053
934,0.3445040934843119,-0.6254498832551093,-0.42433753273513114
935,-0.7572479544367335,-0.5411780919464242,-0.3671631931749595
936,0.5510826024695079,0.19799657367975496,0.13433111079662313
937,-0.4129504394614068,-1.1794225889122016,-0.8001812532547088
938,-1.7212809963676483,-0.7446716035173963,-0.5052237107950638
939,-1.3769834813923216,-0.19755822971101086,-0.1340337155885234
940,-0.5506694454515375,-1.0895980051529444,-0.7392396122506499
941,0.7576611114547039,-0.09532152165047432,-0.06467104782754
942,0.5510826024695079,0.3083991529911331,0.2092339277397937
943,-0.8261074574317988,-0.6806511729107984,-0.46178894120671643
944,0.2756445904892465,-0.4186900231838006,-0.28406095544215193
945,0.5510826024695079,0.8555125267975184,0.5804239229463342
946,-1.927859505352844,-0.5238664448946401,-0.3554180769087227
947,0.2067850874941812,0.44133953695483386,0.2994275564258008
948,-0.2063719304762108,-0.3478102607264958,-0.23597246054076731
949,-0.8949669604268642,-0.15248262040636534,-0.1034520921028502
950,0.7576611114547039,1.416344564305318,0.9609213687789493
951,-1.0326859664169947,0.09347342166898286,0.06341720126462738
952,1.1019586264300305,0.7333510928849285,0.49754329118081403
953,0.6199421054645732,-0.031301091043876385,-0.021236278239192573
954,0.7576611114547039,-0.21519651161282866,-0.1460004378220477
955,-1.5835619903775175,-0.5643691662988143,-0.38289721685237105
956,-0.13751242748114548,-0.14007049610508615,-0.0950310653459257
957,-0.8949669604268642,-0.16130176135727425,-0.10943545321961234
958,0.06906608150405054,0.8097836477928056,0.549399087526086
959,-1.9967190083479096,-0.7214805291650062,-0.48948968711765223
960,0.4822230994744425,0.9750608819098392,0.6615317069735543
961,-1.1704049724071257,0.08400101101800662,0.05699062821329027
962,1.170818129425096,0.1705592462769273,0.11571620954447427
963,-1.1704049724071257,-0.6679124137594854,-0.45314630848250437
964,0.4822230994744425,0.9146334346536116,0.6205346030253693
965,0.5510826024695079,0.517772091862711,0.35128335277107275
966,-0.8261074574317988,0.4380731884544973,0.297211496752926
967,1.583975147395488,1.070111623269635,0.726019043454213
968,0.3445040934843119,-0.44122782783612335,-0.2993517671849885
969,1.583975147395488,1.8987842378050381,1.2882333824625674
970,0.5510826024695079,-0.05122581689592983,-0.03475424224372928
971,1.1019586264300305,1.5058425132145414,1.0216414038157204
972,1.7216941533856187,0.9054876588526688,0.6143296359413195
973,-1.4458429843873868,-1.1657039252107877,-0.7908738026286343
974,-0.8261074574317988,-1.1317339008072869,-0.7678267820307357
975,-0.8949669604268642,-1.169296908561158,-0.7933114682687966
976,0.6199421054645732,0.6879488487302494,0.46674006172785343
977,-0.2063719304762108,0.3636004426468221,0.246685336211379
978,1.377396638410292,0.14900134617470556,0.10109021570350014
979,0.8953801174448346,1.7305672900377016,1.1741063093095114
980,-0.4818099424564721,-0.8936170951327466,-0.6062760318781578
981,0.06906608150405054,-0.9811552349417684,-0.6656664311112044
982,0.6199421054645732,1.0256892836650569,0.6958806319031148
983,-1.3081239783972562,-0.3314785182248126,-0.22489216217639296
984,-0.13751242748114548,0.488701590209715,0.33156042168248645
985,1.652834650390553,0.8528994479972491,0.5786510752080343
986,-0.6195289484466028,-0.4588661097379412,-0.3113184894185128
987,1.377396638410292,0.4602843582567863,0.31228070252847506
988,-0.8261074574317988,0.11731776572144025,0.07959443687661392
989,0.3445040934843119,2.123509014628198,1.4406982879563581
990,1.652834650390553,2.2773540289940533,1.5450746985487644
991,2.3414296803412067,1.716521991486254,1.1645772527161495
992,0.4822230994744425,0.21792129953180844,0.14784907480115986
993,-0.4129504394614068,-0.4732380431394224,-0.3210691519791623
994,0.2756445904892465,-0.12341211875336935,-0.08372916101426388
995,-0.13751242748114548,0.2659366224867569,0.18042515199242046
996,0.7576611114547039,0.7444566777860729,0.5050778940685885
997,-0.8949669604268642,-0.18416620085963065,-0.12494787092973642
998,0.4133635964793772,-0.4088909776827908,-0.2774127764235274
999,0.4822230994744425,1.293856495542694,0.8778191310461414
